VIN,TRANSACTION_ID,CORRECTION_VERBATIM,CUSTOMER_VERBATIM,REPAIR_DATE,CAUSAL_PART_NM,GLOBAL_LABOR_CODE_DESCRIPTION,PLATFORM,BODY_STYLE,VPPC,PLANT,BUILD_COUNTRY,LAST_KNOWN_DLR_NAME,LAST_KNOWN_DLR_CITY,REPAIRING_DEALER_CODE,DEALER_NAME,REPAIR_DLR_CITY,STATE,DEALER_REGION,REPAIR_DLR_POSTAL_CD,REPAIR_AGE,KM,COMPLAINT_CD_CSI,COMPLAINT_CD,VEH_TEST_GRP,COUNTRY_SALE_ISO,ORD_SELLING_SRC_CD,OPTN_FAMLY_CERTIFICATION,OPTF_FAMLY_EMISSIOF_SYSTEM,GLOBAL_LABOR_CODE,TRANSACTION_CATEGORY,CAMPAIGN_NBR,REPORTING_COST,TOTALCOST,LBRCOST,ENGINE,ENGINE_DESC,TRANSMISSION,TRANSMISSION_DESC,ENGINE_SOURCE_PLANT,ENGINE_TRACE_NBR,TRANSMISSION_SOURCE_PLANT,TRANSMISSION_TRACE_NBR,SRC_TXN_ID,SRC_VER_NBR,TRANSACTION_CNTR,MEDIA_FLAG,VIN_MODL_DESGTR,LINE_SERIES,LAST_KNOWN_DELVRY_TYPE_CD,NON_CAUSAL_PART_QTY,SALES_REGION_CODE
3hcfdde89sh220903,13021,replaced steering wheel now okay,steering wheel coming apart,2024-01-02,wheel asm-strg *jet black,steering wheel replacement,full-size trucks,crew cab,t1ccf,sil,mx,silverstone motors,st johns,13-13992/309484,apex auto sales,st johns,mi,1,,6,8872,0,0-0310,t03.0354,us,13,fe9,ftb,130,freg,,370.03,370.03,61.46,lz0,"diesel, 6 cyl, 3.0l, cri, l6, dohc, turbo, vgt, alum, css50v, var. 2",mqc,"byt 10 spd, 10l80, atss, etrs, cpa, gen 2",,v2210281mftx0488,287827.0,s2210121cnjx0941,2808908219,6,1,n,cf10543,,21.0,0,1
1hrffee8xsz230636,13028,"checked - found dtc's u0229 - u1530 set in bcm. found pip5883j, verifi ed rpo options. tested per si - was inconclusive.testedperwiring sc hematic - all circuits tested ok. looks like faulty heated s-w module. ordered new module 9-26-23.1-2, replacedheated s-w module.",customer states heated steering wheel inop,2024-01-03,module asm-strg whl ht cont,heated steering wheel module replacement,full-size trucks,crew cab,t1cgf,ftw,us,elite auto group,fishers,13-14819/243038,silverpeak motors,grand rapids,mn,1,,5,16346,0,0-0310,t03.0354,us,48,fe9,ftb,2400,freg,,307.32,307.32,291.14,lz0,"diesel, 6 cyl, 3.0l, cri, l6, dohc, turbo, vgt, alum, css50v, var. 2",mqc,"byt 10 spd, 10l80, atss, etrs, cpa, gen 2",,v2210291mftx0188,17749294.0,r2210881cnjx0287,2808841910,6,1,y,tf10543,,10.0,0,1
1hyksmrk6sz000990,13035,"approved 4.9(olh) for added diagnostics with tcsc to figure out and co mplete programming while replacing the steering wheelassembly. rob w. 1-2-24 3-31pm olh for open tac case, contact tcsc case # 9-1156925877 4 multiple times and completed drive motorsoftware update programming . performed system check as per customers concern, steering wheel comi ng apart. contacted tac case#9-11503916151 "" please be aware if a dea ler receives a replacement super cruise steering wheel part number 850 13816. onceinstalled they will need to contact tcsc and request this below. applies to 2023 and 2024. order and replaced steering wheel, contacted tcsc many times and also get assistance from fse bill m. to co mpleted programming. per tcsc programmed drive motor controlmodule 1 wcc-fdyz196959052 prog, set up wcc-0syy196956992. after programming co mpleted performed a drive cycle and check steeringwheel operation, op erating normally at this time. mileage in 5522, mileage out 5532. char ge vehicle soon!!!",owner reports: the super cruise bar on the steering wheel is coming of f. check and advise. advisor running pra tool.,2024-01-04,wheel asm-strg *backen blackk,steering wheel replacement,bev,4 door utility,l233-lsop,sht,us,crossroads dealership,san diego,11-46466/119152,quantum car traders,san diego,ca,1,,9,8887,0,0-0310,t00.0006,us,12,yf5,ff6,130,freg,,2457.45,3205.45,1012.67,en0,none,mf1,none,unknown,unknown,8042172.0,unknown,2809979441,4,1,y,6mb26,lux-1,10.0,0,1
3hcfdfel3sh241701,13021,steering wheel replacement,customer states the lettering and finish on the steering wheel is coming off. plant: sil,2024-01-04,wheel asm-strg *jet black,steering wheel replacement,full-size trucks,crew cab,t1ccf,unknown,mx,westwood wheels,milwaukee,13-47099/113361,summit drive auto,slinger,wi,1,,10,15500,0,0-0890,t06.2375,us,13,fe9,ftb,130,freg,,445.28,445.28,63.18,l87,"gas, 8 cyl, v8, 6.2l, di, dfm, alum, gen 5",mhs,"byt 10 spd, 10l80, grx, gen 1, atss, etrs, var 1",,n2210821mfyx0482,287827.0,s1210822ckjx0291,2808892288,6,1,y,cf10543,,10.0,0,1
1hrffhel1rz181474,13021,replaced steering message no longer displayed,c/s: customer states the service driver assist system message is on. a dvise,2024-01-05,wheel asm-strg *jet black,steering wheel replacement,full-size trucks,crew cab,t1cgf,ftw,us,luxeauto sales,kellogg,11-47556/116725,horizon motors,liberty lake,wa,1,,0,8,0,0-0621,t06.2375,us,48,ne1,fuc,130,freg,,1439.65,1439.65,136.0,l87,"gas, 8 cyl, v8, 6.2l, di, dfm, alum, gen 5",mhs,"byt 10 spd, 10l80, grx, gen 1, atss, etrs, var 1",,n2212994mgpx0790,17749294.0,r2212982ckjx0282,2808901882,8,1,n,tf10543,,10.0,0,1
3hrffhed7rh167541,13026,remove and replace steering wheel wire harness,horn and steering wheel switches are inoperable,2024-01-05,harness asm-strg whl horn sw wrg,steering wheel horn switch wiring harness replacement,full-size trucks,crew cab,t1cgf,sil,mx,horizon motors,omaha,13-05637/165732,prestige wheels,columbus,ne,1,,0,14,0,0-0890,t05.3330,us,48,fe9,ftb,20,freg,,216.75,216.75,139.84,l84,"gas, 8 cyl, 5.3l, v8, di, dfm, alum, gen 5",mhs,"byt 10 spd, 10l80, grx, gen 1, atss, etrs, var 1",,a2212084mgsx0089,287827.0,s2212992ckjx2842,2809498122,6,1,n,tf10543,,16.0,0,1
1hrffhel4rz149960,13071,"accessed, removed and replaced the drivers assistance systems module. accessed the diagnosticportandreprogrammedthesystemcalibration using the mdi-2 with a warranty claim programming code of fdyz197418154. road testedthevehicletoverifyrepairs. thesystem is now operating as designed.",cust. states drivers assist light comes on dash -super cruise/lane departure works intermittently-was diag. forasteeringwheelmodule.,2024-01-05,wheel asm-strg *jet black,steering wheel replacement,full-size trucks,crew cab,t1cgf,ftw,us,apex vehicle sales,smithtown,13-02278/273131,urbanedge auto,bay shore,ny,1,,2,856,0,0-0621,t06.2375,us,48,ne1,fuc,130,freg,,1488.94,1488.94,150.03,l87,"gas, 8 cyl, v8, 6.2l, di, dfm, alum, gen 5",mhs,"byt 10 spd, 10l80, grx, gen 1, atss, etrs, var 1",,n2212914mgpx0299,17749294.0,r2212922ckjx0928,2809208122,24,1,y,tf10543,,10.0,0,1
3hcfdfed4sh352945,13021,replaced steering wheel,special order part [ steering wheel heated steering wheel not working ],2024-01-05,wheel asm-strg *jet black,steering wheel replacement,full-size trucks,crew cab,t1ccf,sil,mx,diamond drive,saint clairsville,13-13858/113450,diamond auto traders,saint clairsville,oh,1,,3,4065,0,0-0310,t05.3386,us,13,ne1,fuc,130,freg,,427.08,427.08,57.61,l84,"gas, 8 cyl, 5.3l, v8, di, dfm, alum, gen 5",mhs,"byt 10 spd, 10l80, grx, gen 1, atss, etrs, var 1",,a2212881mf1x2422,287827.0,s1212982ckjx2188,2808882287,4,1,n,cf10543,,15.0,0,1
1hrf9ced6nz221061,13021,technician found the steering column plastic trim was not aligned properly adjusted trim and found the customer concern is nolonger present,customer states steering wheel is making a rubbing noise when turing the wheel left and right,2024-01-08,unknown,steering wheel spoke cover replacement,full-size trucks,crew cab,t1cgf,ftw,us,summit auto traders,madison,13-28387/166196,legacy car sales,madison,oh,1,,21,31611,0,0-0313,t05.3386,us,48,fe9,ftb,50,freg,,27.69,27.69,27.69,l84,"gas, 8 cyl, 5.3l, v8, di, dfm, alum, gen 5",mqb,"byt 10 spd, 10l80, atss, cpa, gen 2",,t1220882jw9x2294,17749294.0,r2220422xkjx0272,2808998129,2,1,n,tf18543,,16.0,0,1
1hrffhel8rz133325,13074,steering wheel replacement,customer states that they are getting a message on the dash saying driver assist message. check and advise,2024-01-09,wheel asm-strg *very dark at,steering wheel replacement,full-size trucks,crew cab,t1cgf,ftw,us,truevalue motors,belleville,11-40119/299131,primedrive motors,belleville,il,1,,4,8304,0,0-0621,t06.2375,us,48,fe9,ftb,130,freg,,1147.09,1147.09,146.06,l87,"gas, 8 cyl, v8, 6.2l, di, dfm, alum, gen 5",mhs,"byt 10 spd, 10l80, grx, gen 1, atss, etrs, var 1",,n2212294mgpx0128,17749294.0,r2212112ckjx2084,2821988724,4,1,y,tf10543,,10.0,1,1
1hcfdhe86sz274242,13023,"gained access and removed old steering wheel after disconnecting battery negative. installed new steering wheel, applied loctite tobolt that retains steering wheel. tighted bolt. re installed air bag, re installed trim. re connected battery, checked for anyprotruding from steering wheel molding, all ok now gm authorization# 490759800000",c/s: removed steering wheel to gain access to back side of steering wheel where trim is that is protruding and replaced trim andstill is pretruding. issue is in steering wheel assembly reference ro# 82289 -- gm authorization# 490759800000,2024-01-09,wheel asm-strg *jet black,steering wheel replacement,full-size trucks,crew cab,t1ccf,ftw,us,bluesky autos,palmyra,13-15377/118088,platinum wheels,palmyra,pa,1,,8,6204,0,0-0890,t03.0354,us,13,ne1,fub,130,freg,,476.16,457.225,63.99,lz0,"diesel, 6 cyl, 3.0l, cri, l6, dohc, turbo, vgt, alum, css50v, var. 2",mqc,"byt 10 spd, 10l80, atss, etrs, cpa, gen 2",,v2212221mftx0298,17749294.0,r2212281cnjx0022,2809222210,6,1,n,cf10543,,10.0,0,1
1hykndrs3mz177921,13027,tech replaced steering wheel to correct pra 487188600000,c/s: customer states there is a piece of the steering wheel sticking up. sop part is in,2024-01-10,wheel asm-strg *dark titaniu,steering wheel replacement,global crossover vehicles,4 door utility,c1ul,sht,us,quantum auto sales,dayton,12-20769/119037,redline auto co.,cincinnati,oh,1,,35,70354,0,0-0310,t03.6151,us,12,fe9,ftb,130,freg,,322.13,322.13,53.46,lgx,"gas, 6 cyl, 3.6l, v6, di, dohc, vvt, alum, gen 2",m3w,"transmission byt 9 spd, 9t65, etrs gen 1",,w2220292jdpx0477,822972980.0,21220220kkbp0881,2809492824,4,1,y,6nh26,premium luxury,37.0,0,1
1hyksmrk4sz001121,13025,replaced steering wheel asmy,(install special order part) customer states the right side steering wheel super cruise plastic cover is lifting up and not secure.pra 491752600000,2024-01-10,wheel asm-strg *backen blackk,steering wheel replacement,bev,4 door utility,l233-lsop,sht,us,velocity auto group,las vegas,13-20095/114568,luxecar dealership,ontario,ca,1,,6,12628,0,0-0312,t00.0006,us,12,yf5,ff6,130,freg,,1414.83,1414.83,95.5,en0,none,mf1,none,unknown,unknown,8042172.0,unknown,2809291177,6,1,n,6mb26,lux-1,10.0,0,1
1h6ds5rk6s0127345,13025,replaced heated steering wheel,customer states heated steering wheel isnt working,2024-01-10,wheel asm-strg *black,steering wheel replacement,luxury car-3,4 door sedan,a2ll,lgr,us,redwood motor co.,jonesboro,13-17211/111427,citystar motors,poplar bluff,mo,1,,12,19743,0,0-0310,v02.0041,us,12,fe9,ftb,130,freg,,562.5,562.5,85.86,lsy,"gas, 4 cyl, l4, 2.0l, sidi, dohc, vvt, alum, turb o, var 3",mq2,"byt 10 spd, 10l60, gen 1, atss, etrs, var 1",,n1221292ju7x2198,287827.0,s1221112qrjx2178,2809244294,20,1,y,6dc79,luxury,10.0,0,1
1hc4ysey3rf110164,13023,checked and verified customer concern and found trim piece loose remov ed replaced trim piece on the back of the passenger side ofsteering w heel complete,customer states steering wheel conrol passenger side rear on the steer ing wheel is loose sop part,2024-01-10,cover-strg whl airbag acc hole *jet black,steering wheel spoke cover replacement,full-size trucks,crew cab,t1cch,flt,us,titan cars,cortland,13-28690/113578,velocity vehicle sales,cortland,oh,1,,9,17675,0,0-0316,d06.6385,us,13,ne1,fum,50,freg,,63.1,63.1,61.27,l5p,"diesel, 8 cyl, 6.6l, di, v8, turbo, duramax, gen 5 var. 1",mgm,"byt 10 spd, 10r1000, grx, gen 1, var 1",,r2210714jfhx0992,8042172.0,y0210111mkfx0928,2809282189,2,1,n,cf20743,,16.0,0,1
1hks1jkl0sr282668,13024,"verified customer concern about a horn inop. i followed document 4374183 to diagnose this concern. i monitored scan tool data forthe horn activation while pressing the horn and it was changing intermittently. i then tested circuits 3287 at the steering wheelfor a short and all was ok, i then tested circuit 6051 and ground circuit had no high resistance. i then tested terminal tension onthe steering wheel harness and found loose tension on the horn connection and required a harness replacement i then replaced thesteering wheel harness. after repairs, the vehicle is now honking as designed",customer states ck horn on the steering wheel only works in the middle on the side it does no work,2024-01-11,harness asm-strg whl horn sw wrg,steering wheel horn switch wiring harness replacement,full-size utility,4 door utility,t1ygf,arl,us,urbancar dealership,rio grande city,13-30014/114870,crestwood auto,rio grande city,tx,1,,10,21295,0,0-0310,t06.2375,us,48,fe9,ftb,20,freg,,275.55,457.225,202.67,l87,"gas, 8 cyl, v8, 6.2l, di, dfm, alum, gen 5",mhs,"byt 10 spd, 10l80, grx, gen 1, atss, etrs, var 1",,k2210291mfyx0999,287827.0,s2210212ccjx0718,2809298492,2,1,n,tc10906,,10.0,0,1
1hc4y9ey2mf192148,13026,steering wheel replacement,�������� ������ ����������,2024-01-11,wheel asm-strg *jet black,steering wheel replacement,full-size trucks,crew cab,t1cch,flt,us,regal ride motors,lod,72-73421/159921,goldenroad motors,kiryat gat,unknown,4,unknown,33,107905,0,0-0890,d06.6385,il,72,fe9,ftb,130,freg_pol,,221.83,221.83,28.0,l5p,"diesel, 8 cyl, 6.6l, di, v8, turbo, duramax, gen 5 var. 1",mgm,"byt 10 spd, 10r1000, grx, gen 1, var 1",,r2220282jrhx0409,8042172.0,y0220280mkfx0292,2809489112,2,1,n,cf20743,,18.0,0,4
1h1fz6s00n4109597,13025,"replace steering wheel check ok 1699-,0130","heated steering wheel inop. when you hit the button on it turns off immediately. when remote starting it, it will turn light on butnever heat up. - ro 6124563 - ro 6126117 - dave - pra #495554400000",2024-01-11,wheel asm-strg *jet black,steering wheel replacement,global gamma,4 door sedan,c121,ori,us,capital car dealers,davison,13-44014/115093,truedrive auto,clarkston,mi,1,,17,42079,0,0-0890,v00.0002,us,13,fe9,ft7,130,freg,,411.47,457.47,62.02,en0,none,mmf,"byt, electric, gm, gem, gen 2, drive unit, x68f",unknown,unknown,8042172.0,unknown,2809122794,4,1,n,1fg48,premier,21.0,0,1
1hnevkkw6sj216435,13025,installed special ordered steering wheel due to threads fraying on whe el 0130 .4 629,steering wheel fraying parts are in,2024-01-11,wheel asm-strg * jet black,steering wheel replacement,crossover suv,4 door utility,c1yc,del,us,prestige wheels,saginaw,13-44196/300736,titan motors group,saginaw,mi,1,,10,17774,0,0-0890,t03.6151,us,13,fe9,ftb,130,freg,,395.44,395.44,50.27,lfy,"gas, 6 cyl, v6, 3.6l, sidi, dohc, atss, gen 1+",m3v,"byt 9 spd, 9t65, gen 1",k,,822972980.0,21210129ikbp0429,2809298112,4,1,n,1nx56,premier,21.0,0,1
1hr49wey2nf322460,13024,"reconnected horn checked operation, ok.",added operation horn doesnt work hasnt worked since brand new tech cause horn connector not fully seated on harn assembly anddisconnected tech comments reconnected horn checked operation ok,2024-01-11,unknown,steering wheel horn switch wiring harness replacement,full-size trucks,crew cab,t1cgh,flt,us,goldstar autos,edmonton,14-82489/320243,bluesky auto sales,edmonton,ab,1,t5e4c7,20,34161,0,0-0621,d06.6385,ca,14,fe9,ftb,20,freg,,30.09,31.6,31.6,l5p,"diesel, 8 cyl, 6.6l, di, v8, turbo, duramax, gen 5 var. 1",mgm,"byt 10 spd, 10r1000, grx, gen 1, var 1",,r2222412mu9x0781,8042172.0,y0222190mkfx0498,2809222282,2,1,n,tf30743,,18.0,0,1
3hrffcer3nh528824,13025,"pra approved, pra #495794600000 found the steering wheel to be coming apart. replaced the steering wheel. verified repair.",customer states stitching on steering wheel is coming undone on the ri ght side,2024-01-11,wheel asm-strg *black,steering wheel replacement,full-size trucks,crew cab,t1cgf,sil,mx,infinite motors,henderson,11-11457/116555,metromax motors,dallas,tx,1,,22,34260,0,0-0890,t03.0353,us,48,fe9,ftb,130,freg,,621.34,621.34,107.28,lm2,"diesel, 6 cyl, 3.0l, cri, l6, dohc, turbo, vgt, al um, css50v",mqc,"byt 10 spd, 10l80, atss, etrs, cpa, gen 2",,v2220472cvcx0021,287827.0,s1220791cnjx0210,2809294191,4,1,n,tf10543,,10.0,0,1
1hykndr46nz151056,13025,replaced steering wheel trim ring,customer states chrome trim on steering wheel is cracked,2024-01-12,cover-strg whl spoke *linear galaxd,steering wheel spoke cover replacement,global crossover vehicles,4 door utility,c1ul,sht,us,platinum auto co.,indiana,12-20573/117099,crystal drive auto,indiana,pa,1,,21,24129,0,0-0313,t02.0500,us,12,ne1,fug,50,freg,,386.62,386.62,51.75,lsy,"gas, 4 cyl, l4, 2.0l, sidi, dohc, vvt, alum, turb o, var 3",m3g,"byt 9 spd, 9t60, etrs gen 1",,n2220942juhx0982,822972980.0,21220170vhbp0421,2809179492,26,1,n,6nh26,premium luxury,10.0,0,1
1hnevnkw4sj144359,13025,leather pulling away from wheel 0130 0.40 replacedsteering wheel pre auth 488737400000,customer states the leather on steering wheel is coming apart - sophere,2024-01-12,wheel asm-strg * jet black,steering wheel replacement,crossover suv,4 door utility,c1yc,del,us,swiftcar traders,weatherford,13-07367/112288,elitestreet motors,weatherford,tx,1,,15,35914,0,0-0312,t03.6151,us,13,unknown,ftb,130,freg,,436.5,436.5,56.87,lfy,"gas, 6 cyl, v6, 3.6l, sidi, dohc, atss, gen 1+",m3v,"byt 9 spd, 9t65, gen 1",k,,822972980.0,22222109ikbp2899,2809184401,4,1,y,1nx56,high country,10.0,0,1
3hrs9eed0lh255650,13025,"steering wheel spoke cover, per goodwill assistance, customer has a deductible of $86.45",customer states the steering wheel bezel is peeling.,2024-01-12,applique asm-strg whl tr spoke cvr *vulcan,steering wheel spoke cover replacement,full-size trucks,crew cab,t1cgf,sil,mx,nextgen motors,valdosta,13-26192/159183,libertyride auto,valdosta,ga,1,,47,59192,0,0-0890,lgmxt05.3386,us,48,fe9,ftb,50,freg_pol,,214.4,214.4,78.0,l84,"gas, 8 cyl, 5.3l, v8, di, dfm, alum, gen 5",mqb,"byt 10 spd, 10l80, atss, cpa, gen 2",,a2200220hgux2088,287827.0,s2200210bkjx2982,2809182089,8,1,y,tf10543,,10.0,0,1
1hks2jkr2nr336997,13073,replaced steering wheel no further action required.,customer states steering wheels stiching coming apart,2024-01-12,wheel asm-strg *very dark at,steering wheel replacement,full-size utility,4 door utility,t1ygf,arl,us,liberty drive,miami,13-26329/312777,highlander car sales,homestead,fl,1,,18,32616,0,0-0890,t03.0353,us,48,fe9,ftb,130,freg,,454.63,454.63,73.62,lm2,"diesel, 6 cyl, 3.0l, cri, l6, dohc, turbo, vgt, al um, css50v",mqc,"byt 10 spd, 10l80, atss, etrs, cpa, gen 2",,v2222922cvcx0009,287827.0,s1222471cnjx0228,2821704292,8,1,n,tf10906,,10.0,0,1
1hcfdeed3sz308171,13037,replaced steering wheel,wrap on the steeering wheel is peeling ***need pra done by management****,2024-01-12,wheel asm-strg *jet black,steering wheel replacement,full-size trucks,crew cab,t1ccf,ftw,us,dreamcars auto,grand forks,13-04703/111708,horizonview auto,grand forks,nd,1,,4,8678,0,0-0312,t05.3386,us,13,fe9,ftb,130,freg,,456.98,456.98,69.06,l84,"gas, 8 cyl, 5.3l, v8, di, dfm, alum, gen 5",mhs,"byt 10 spd, 10l80, grx, gen 1, atss, etrs, var 1",,t2212491mf1x0970,17749294.0,r2210822ckjx0278,2820422129,4,1,y,cf10543,,10.0,0,1
1hyknhrs1lz157005,13025,replace steering wheel switch trim (sop part before warranty expiratio n),c/s carbon fiber applique on steering wheel is peeling off. sop in,2024-01-12,cover-strg whl spoke *hi gloss v-c,steering wheel spoke cover replacement,global crossover vehicles,4 door utility,c1ul,sht,us,legacy vehicle sales,clearwater,12-21098/169196,rapidroad motors,pinellas park,fl,1,,50,56575,0,0-0312,lgmxt03.6151,us,12,fe9,ftb,50,freg_pol,,695.8,695.8,57.26,lgx,"gas, 6 cyl, 3.6l, v6, di, dohc, vvt, alum, gen 2",m3w,"transmission byt 9 spd, 9t65, etrs gen 1",,w2291470hybx0492,822972980.0,22291280kkbp2422,2809272972,4,1,y,6nj26,sport,37.0,0,1
1hrffhel8rz133325,13048,"tech was able to verify customers concern of heated steering wheel inop. tech checked connection to thesteeringwheelandfoundheating steering wheel has internal malfunction at harness(broken), ordered/installed new sterring wheel, oad",cust sts the heated steering wheel will turn on at times and the turn off on its own and not work. most of the timethewheelwillnotturn on and work,2024-01-15,wheel asm-strg *jet black,steering wheel replacement,full-size trucks,crew cab,t1ccf,os2,ca,horizon drive motors,westville,13-15262/161175,silverstone auto,westville,nj,1,,1,583,0,0-0890,t05.3330,us,13,ne1,fug,130,freg,,592.1,1006.1,165.58,l84,"gas, 8 cyl, 5.3l, v8, di, dfm, alum, gen 5",mhs,"byt 10 spd, 10l80, grx, gen 1, atss, etrs, var 1",,k2212844mgsx2298,17749294.0,r2212792ckjx2218,2809440924,14,1,y,cf10543,,15.0,0,1
1hcfyeed6nz182017,13040,0130 labor 0.4 -removed and replaced steering wheel with correct unit. verified operation.,trim or moulding diagnosis trim or moulding diagnosis - c/s: customer request ed to install correct steering wheel per sop - prevro 6012971,2024-01-15,wheel asm-strg *jet black,steering wheel replacement,full-size trucks,crew cab,t1ccf,ftw,us,summit car trading,castle rock,13-36101/314339,crowncar dealership,castle rock,co,1,,23,24983,0,0-0312,t05.3386,us,13,fe9,ftb,130,freg,,299.77,299.77,91.4,l84,"gas, 8 cyl, 5.3l, v8, di, dfm, alum, gen 5",mqe,"byt 8 spd, 8l90, atss, cpa, gen 1",,k2220222jw9x1892,8042172.0,b2220222xnlx9720,2809401941,6,1,n,cf18543,,10.0,0,1
1hcfdeed5sz117691,13025,"per last repair order, replaced steering wheel. pra#493156300000",install sop. customer states stitching on steering wheel is coming apart,2024-01-15,wheel asm-strg *jet black,steering wheel replacement,full-size trucks,crew cab,t1ccf,ftw,us,oakwood motors,bolingbrook,13-11298/227245,northstar wheels,bolingbrook,il,1,,12,24925,0,0-0890,t05.3386,us,13,unknown,ftb,130,freg,,432.68,432.68,113.09,l84,"gas, 8 cyl, 5.3l, v8, di, dfm, alum, gen 5",mhs,"byt 10 spd, 10l80, grx, gen 1, atss, etrs, var 1",,t1222871mf1x0294,17749294.0,r2222892ckjx0778,2809189012,4,1,n,cf10543,,10.0,0,1
3hnkbhrs8ss220860,13029,tech duplicated c-c. found there to be a defect in the leather wrap on the top of the steering wheel. recommend replacing steeringwheel to fix concern. tech replaced steering wheel.,-c/c back of the steering wheel has a bump that catches the hand whene ver you steer the wheel - parts in sor m19630,2024-01-15,wheel asm-strg *jet black,steering wheel replacement,crossover suv,4 door utility,c1uc,ram,mx,premiumauto traders,summerside,14-87095/121126,urbanpeak auto,summerside,pe,1,c1n4t8,7,12782,0,0-0890,t03.6151,ca,14,fe9,ftb,130,freg,,249.69,457.225,61.57,lgx,"gas, 6 cyl, 3.6l, v6, di, dohc, vvt, alum, gen 2",m3v,"byt 9 spd, 9t65, gen 1",,w2212292jdrx0490,822972980.0,22212299ckbp2994,2809172799,4,1,n,1nr26,2lt,16.0,0,1
1hr49se7xrf103023,13026,"inspected steering wheel, found leather peeling at bottom ofsteering wheel due to failed adhesive, replaced steering wheel",cust states steering wheel materuial delamination at bottom,2024-01-15,wheel asm-strg *jet black,steering wheel replacement,full-size trucks,crew cab,t1cgh,flt,us,urbandrive sales,west chester,13-18721/318683,redwood car traders,bridgeton,nj,1,,10,29910,0,0-0890,d06.6230,us,48,ne1,fum,130,freg,,487.54,487.54,71.41,l8t,"gas, 8 cyl, 6.6l, sidi, vvt, cast iron",mkm,"byt 10 spd, rwd 4.54 1st, 2.86 2nd, 2.06 3rd, 1.7 1 4th, 1.48 5th, 1.26 6th, 1.00 7th, 10l",,t2210924mgux2424,8042172.0,y0210881msfx0080,2809417819,4,1,y,tf20743,,10.0,0,1
3hrffee82rh175165,13029,replace steering wheel assembly check operation ok pra # 496439500000,"customer states steering wheel does not heat, button pushed and turns off immediately, parts ordered.",2024-01-16,wheel asm-strg *jet black,steering wheel replacement,full-size trucks,crew cab,t1cgf,sil,mx,nova car dealership,roseville,11-44425/117433,metrodrive auto sales,mankato,mn,1,,2,1996,0,0-0310,t03.0354,us,48,fe9,ftb,130,freg,,511.39,511.39,72.57,lz0,"diesel, 6 cyl, 3.0l, cri, l6, dohc, turbo, vgt, alum, css50v, var. 2",mqc,"byt 10 spd, 10l80, atss, etrs, cpa, gen 2",,v2212994m8ux0120,287827.0,s1211071cnjx2104,2809889290,4,1,n,tf10743,,10.0,0,1
3hcnd9ed5sh144160,13027,replaced steering wheel.,steering wheel strings loose .,2024-01-16,wheel asm-strg *very dark at,steering wheel replacement,full-size trucks,single cab,t1rcf,sil,mx,citywide motors,kuwait city,72-32325/122620,blueridge motors,kuwait city,unknown,4,unknown,4,4421,0,0-0312,unknown,kw,72,unknown,ftb,130,freg,,297.03,297.03,20.0,l84,"gas, 8 cyl, 5.3l, v8, di, dfm, alum, gen 5",mhs,"byt 10 spd, 10l80, grx, gen 1, atss, etrs, var 1",,a2221281mf1x2447,287827.0,s2221212ckjx0718,2809421088,4,1,n,cf10703,,15.0,0,4
1hykssrl1rz101481,13039,removed and replaced steering wheel,customer states the steering wheel is bubbling on inside lef t side,2024-01-16,wheel asm-strg *backen blackk,steering wheel replacement,bev,4 door utility,l233,sht,us,grandview autos,smithtown,13-02015/169651,swiftroad car sales,bay shore,ny,1,,7,7199,0,0-0312,j00.0017,us,12,ne1,ff6,130,freg,,737.49,737.49,84.22,en0,none,mf1,none,unknown,unknown,8042172.0,unknown,2809907807,16,1,y,6mb26,tech-2,10.0,0,1
1hr49rey4sf251024,13029,inspected and confirmed steering wheel leather coming apart. submitted pra and was approved. necessary to remove andreplacesteeringwheel pra# 495602900000,c/s: cust states leater at the bottom of the steering wheele is coming apart please see history for approved pra onpreviousropra#495602900000,2024-01-16,wheel asm-strg *jet black,steering wheel replacement,full-size trucks,crew cab,t1cgh,flt,us,automax traders,jacksonville,11-29473/309845,vanguard auto group,saint augustine,fl,1,,10,22629,0,0-0310,d06.6385,us,48,fe9,ftb,130,freg,,521.02,521.02,90.02,l5p,"diesel, 8 cyl, 6.6l, di, v8, turbo, duramax, gen 5 var. 1",mgm,"byt 10 spd, 10r1000, grx, gen 1, var 1",,r2210481mrax0489,8042172.0,y0222780mkfx0277,2809880890,8,1,n,tf20743,,18.0,0,1
3hcfdfed5sh364828,13030,removed and replaced heated steering wheel module. clear codes recheck ok. heated steering wheel now operating as designed.2400---------.6 diag------------1.0,customer states steering heating button turns off after 1 minute and cannot be turn back on - check and advise,2024-01-16,unknown,heated steering wheel module replacement,full-size trucks,crew cab,t1ccf,sil,mx,horizon auto sales,ventura,13-20488/318645,ironclad wheels,ventura,ca,1,,1,697,0,0-0890,t05.3386,us,13,yf5,fuc,2400,freg,,330.16,468.16,330.16,l84,"gas, 8 cyl, 5.3l, v8, di, dfm, alum, gen 5",mhs,"byt 10 spd, 10l80, grx, gen 1, atss, etrs, var 1",,a2212791mf1x2247,287827.0,s1212242ckjx0982,2809782877,2,1,n,cf10543,,18.0,0,1
2hc4ysey1s1701193,13030,replaced heated steering wheel module. verified proper operation,customer states heated steering wheel inop sop here,2024-01-16,module asm-strg whl ht cont,heated steering wheel module replacement,full-size trucks,crew cab,t1cch,os2,ca,liberty lane motors,cottondale,13-08499/193576,legacyauto traders,cottondale,al,1,,12,26487,0,0-0890,d06.6385,us,13,unknown,ftb,2400,freg,,227.2,227.2,131.06,l5p,"diesel, 8 cyl, 6.6l, di, v8, turbo, duramax, gen 5 var. 1",mgm,"byt 10 spd, 10r1000, grx, gen 1, var 1",,r1222721mrax0207,8042172.0,y0222910mkfx0172,2809784288,2,1,n,cf20743,,23.0,0,1
1hks2jkl9mr285352,13030,wheel coming apart at stitching. replace steering wheel 0130 0.4 pr a attach #483410100000,customer states that the steering wheel cover is coming apart.,2024-01-17,wheel asm-strg *jet black,steering wheel replacement,full-size utility,4 door utility,t1ygf,arl,us,redline autos,signal hill,11-46346/118677,crystalpeak motors,signal hill,ca,1,,35,28635,0,0-0890,t06.2375,us,48,yf5,fuf,130,freg,,519.97,519.97,86.57,l87,"gas, 8 cyl, v8, 6.2l, di, dfm, alum, gen 5",mqc,"byt 10 spd, 10r80, atss, etrs, cpa, gen 2",,k2220292cu8x1719,287827.0,s2220492cfjx2190,2809782194,4,1,n,tf10906,,10.0,0,1
1hnskrkd0rr120386,13030,"accessed, removed and replaced the steering wheel with all other related new seals gaskets and/or non-reusable hardware andreinstalled all components removed for repairs in the reverse order of removal. the system is now operating as designed.,0130",steering wheel damaged in transit - tear/rip on right hand side above hand controls for dic - reference pdi ro where damage wascaught ro is 567382,2024-01-17,wheel asm-strg *jet black,steering wheel replacement,full-size utility,4 door utility,t1ucf,arl,us,velocity car sales,saint cloud,13-04248/111492,redrock auto co.,saint cloud,mn,1,,0,3,0,0-0890,t05.3386,us,13,fe9,ftb,130,freg,,411.41,411.41,62.06,l84,"gas, 8 cyl, 5.3l, v8, di, dfm, alum, gen 5",mhs,"byt 10 spd, 10l80, grx, gen 1, atss, etrs, var 1",,k2211181mf1x0909,287827.0,s2211222ckjx2978,2809712980,6,1,y,cf10706,,10.0,0,1
1hcfdeer5nz580922,13026,tech 573 replaced heated steering wheel module,heated steering wheel inop,2024-01-17,module asm-strg whl ht cont,heated steering wheel module replacement,full-size trucks,crew cab,t1ccf,ftw,us,elitecar dealership,cranbrook,14-82077/120490,prestigecar sales,cranbrook,bc,1,v1c3t1,10,35617,0,0-0310,unknown,ca,14,fe9,ftb,2400,freg,,270.52,284.04,206.58,lm2,"diesel, 6 cyl, 3.0l, cri, l6, dohc, turbo, vgt, al um, css50v",mqc,"byt 10 spd, 10l80, atss, etrs, cpa, gen 2",,v2222782cvcx0429,17749294.0,r2222781cnjx0092,2809492491,2,1,n,cf10543,,16.0,0,1
1hrs9eed3mz313803,13035,tested and verified heated steering wheel inop. light turns on but whe el will not get warm. checked for codes- no codes. checkedfor bulleti ns - none related. tested as per si diagnosis - internal heating eleme nt has failed. will need to replace steeringwheel. submitted pra and got approval for wheel replacement. replaced steering wheel and tested - all ok. pra auth code-496425100000 loc 0130 (base+diag),inspect and advise........heated steering wheel is non-opp.,2024-01-18,wheel asm-strg *black,steering wheel replacement,full-size trucks,crew cab,t1cgf,ftw,us,silvercrest autos,surrey,14-81004/234107,titandrive motors,abbotsford,bc,1,v2t5m1,32,45624,0,0-0310,t05.3386,ca,14,fe9,ftb,130,freg,,423.92,445.12,74.2,l84,"gas, 8 cyl, 5.3l, v8, di, dfm, alum, gen 5",mqb,"byt 10 spd, 10l80, atss, cpa, gen 2",,t2222012cu7x2279,17749294.0,r2222042bkjx0249,2820049088,6,1,n,tf10543,,10.0,0,1
2hcfdeed4r1147650,13030,"removed air bag, replaced steering wheel, reinstalled airbag. no further action required","customer states the steering wheel is peeling, reference previous repair order 6140479, manager submitted for preauthorization and received approval code 493245700000",2024-01-18,wheel asm-strg *very dark at,steering wheel replacement,full-size trucks,crew cab,t1ccf,os2,ca,metroauto traders,stillwater,13-05361/112424,dreamcar auto sales,stillwater,ok,1,,3,4566,0,0-0890,t05.3330,us,13,fe9,ftb,130,freg,,500.38,500.38,74.99,l84,"gas, 8 cyl, 5.3l, v8, di, dfm, alum, gen 5",mhs,"byt 10 spd, 10l80, grx, gen 1, atss, etrs, var 1",,k2212844mgsx0749,17749294.0,r2212822ckjx0791,2809788409,4,1,y,cf10543,,34.0,0,1
1hr49xey0rf190021,13028,necessary to replace steering wheel spoke cover and retest. ok,steering wheel trim as per last repair order,2024-01-18,applique asm-strg whl tr spoke cvr *jet black,steering wheel spoke cover replacement,full-size trucks,crew cab,t1cgh,flt,us,riverside motors,lake charles,48-51076/308210,summitstar motors,lake charles,la,1,,5,10261,0,0-0890,d06.6385,us,48,fe9,ftb,50,freg,,315.63,403.63,86.79,l5p,"diesel, 8 cyl, 6.6l, di, v8, turbo, duramax, gen 5 var. 1",mgm,"byt 10 spd, 10r1000, grx, gen 1, var 1",,r4212824jfhx0082,8042172.0,y0212221mkfx0187,2809929908,2,1,n,tf20743,,18.0,1,1
1hr19sey5rf265525,13054,"diagnosis of open circuit inside wheel. replace steering wheel ( 0130 .3+ .4= .7 hrs ),steering wheel replacement gm preauth# 498654000000","check and report steering wheel only stays luke warm, and doesnt work after 5 min or so-it won't turn on",2024-01-19,wheel asm-strg *jet black,steering wheel replacement,full-size trucks,crew cab,t1cgh,flt,us,sterling auto group,winnipeg,14-95298/171152,velocityedge auto,mississauga,on,1,l4w2m7,1,9021,0,0-0310,d06.6375,ca,14,fe9,ftb,130,freg,,405.29,457.98,83.26,l5p,"diesel, 8 cyl, 6.6l, di, v8, turbo, duramax, gen 5 var. 1",mgm,"byt 10 spd, 10r1000, grx, gen 1, var 1",,r2212894jfhx0788,8042172.0,y0212891mkfx2099,2822999949,4,1,n,tf20743,,23.0,0,1
1hcfyeel0nz210174,13056,remove and replace steering wheel due to leather defect.,steering wheel leather is loose on bottom,2024-01-20,wheel asm-strg *jet black,steering wheel replacement,full-size trucks,crew cab,t1ccf,ftw,us,sapphire auto sales,grand rapids,13-44044/115181,truepeak motors,grand rapids,mi,1,,23,35452,0,0-0316,t06.2375,us,13,fe9,ftb,130,freg,,259.93,787.93,66.47,l87,"gas, 8 cyl, v8, 6.2l, di, dfm, alum, gen 5",mqb,"byt 10 spd, 10l80, atss, cpa, gen 2",,t2220122jw4x0820,17749294.0,r2220182xkjx0922,2820898281,6,1,y,cf18543,,37.0,0,1
1hcfdeed0nz543303,13030,removed and replaced steering wheel assembly.,c/s: client states steering wheel pulling apart install sopsteering wheel pre auth in history,2024-01-22,wheel asm-strg *jet black,steering wheel replacement,full-size trucks,crew cab,t1ccf,ftw,us,powerdrive motors,new castle,13-15248/260637,sterling auto traders,new castle,de,1,,15,35201,0,0-0312,t05.3386,us,13,ne1,fuc,130,freg,,514.0,514.0,77.1,l84,"gas, 8 cyl, 5.3l, v8, di, dfm, alum, gen 5",mhs,"byt 10 spd, 10l80, grx, gen 1, atss, etrs, var 1",,k2222122jw9x0288,17749294.0,r2220972ckjx0987,2809777780,4,1,n,cf10543,,15.0,0,1
1hcryded2nz208869,13037,test drove and confirmed customer complaint brought in scanned and che cked bulletins require more time to remove air bag andlookat steerin g wheel auth c. j. 1327 jan 23 2023 st approx 1.0 disabled srs system removed air bag and steering wheel foundsteeringwheel is off center repaired splines in order to get steering wheel lined up lined steerin g wheel up with where steeringwheel iskeyed put back on torqued to s pecification put air bag back test drove and confirmed steering wheel is now strait not asstraiton some roads depending on road crown,"customer reports after heated steering wheel retrofit, steering wheel is off centre now. check and advise / /",2024-01-23,unknown,steering wheel replacement,full-size trucks,extended cab,t1ecf,ftw,us,summit ridge autos,kelowna,14-81160/292281,novacar sales,kelowna,bc,1,v1x4h8,23,26802,0,0-0315,t05.3386,ca,14,fe9,ftb,130,freg,,121.88,127.98,127.98,l84,"gas, 8 cyl, 5.3l, v8, di, dfm, alum, gen 5",mqe,"byt 8 spd, 8l90, atss, cpa, gen 1",,t2220422jw9x0999,8042172.0,c2241802xnlx0099,2809889909,6,1,y,cf18753,,18.0,0,1
5haerbkw0lj197079,13033,replaced steering wheel,c.s steering wheel stitching seems to be coming apart on top right han d corner,2024-01-23,wheel asm-strg *black,steering wheel replacement,crossover suv,4 door utility,c1yb,del,us,golden peak motors,houston,11-45870/322530,crestline auto co.,houston,tx,1,,49,39870,0,0-0890,lgmxt03.6151,us,11,fe9,ftb,130,freg_pol,,200.0,200.0,68.86,lfy,"gas, 6 cyl, v6, 3.6l, sidi, dohc, atss, gen 1+",m3w,"transmission byt 9 spd, 9t65, etrs gen 1",k,,8042172.0,22291809fkby0282,2809912981,6,1,y,4nb56,essence,10.0,0,1
1hyksdrs0sz164445,13033,pre approval number 496720400000 heated steering wheel light not worki ng trace to faulty light in switch replace steering wheel.,customer states installed steering wheel,2024-01-24,wheel asm-strg *black,steering wheel replacement,global crossover vehicles,4 door utility,c1tl,sht,us,crown auto sales,wilmington,12-22145/119070,goldengate motors,wilmington,de,1,,9,9090,0,0-0310,t03.6151,us,12,ne1,fuc,130,freg,,1712.85,457.225,81.85,lgx,"gas, 6 cyl, 3.6l, v6, di, dohc, vvt, alum, gen 2",m3w,"transmission byt 9 spd, 9t65, etrs gen 1",,w2222842mstx0042,822972980.0,22221282skbp2184,2809970894,6,1,n,6nw26,premium luxury,10.0,0,1
1h1jd5sb0l4142407,13039,replace steering wheel sop ordered on ro 412613,cs the steering wheel is pealing and separating-install sop refer to ro 412613,2024-01-25,wheel asm-strg *jet black,steering wheel replacement,global gamma vehicles,4 door sedan,g1sc,ori,us,highlander auto sales,west mifflin,13-13143/113496,luxeline auto,west mifflin,pa,1,,39,9109,0,0-0890,lgmxv01.4099,us,13,ne1,fub,130,freg_pol,,412.41,412.41,62.4,luv,"gas, 4 cyl, 1.4l, mfi, dohc, turbo, vvt, alum, gme e85 max",mh8,"byt 6 spd, hmd, x23f",,0292f0482,249299971.0,928zgwk0222a0928,2820019979,8,1,y,1jv69,lt(automatic),10.0,0,1
1hykn9rs3nz156257,13034,"steering wheel cover replacement part in backorder, order control 36683082",steering wheel molding came off,2024-01-25,cover-strg whl spoke *hi gloss v-c,steering wheel spoke cover replacement,global crossover vehicles,4 door utility,c1ul,sht,us,classic car traders,queretaro queretaro,23-05528/211854,riverstone car sales,leon,gj,1,,13,29915,0,0-0890,dummi,mx,23,fe9,ftb,50,freg,,828.34,960.87,22.93,lgx,"gas, 6 cyl, 3.6l, v6, di, dohc, vvt, alum, gen 2",m3w,"transmission byt 9 spd, 9t65, etrs gen 1",,w2220922jdrx0189,822972980.0,22220842skbp2444,2820029101,4,1,y,6nj26,export only,10.0,0,1
1hrs9eed9mz268771,13037,replaced steering wheel assembly. customer to pay warranty deductible,"c/s the steering wheel is peeling in some areas. customer request assi stance to replace steering wheel. approved, sop here",2024-01-25,wheel asm-strg *black,steering wheel replacement,full-size trucks,crew cab,t1cgf,ftw,us,truedrive motors,tampa,11-40142/318112,primeedge motors,clearwater,fl,1,,35,80805,0,0-0312,t05.3386,us,48,fe9,ftb,130,freg_pol,,143.68,143.68,70.76,l84,"gas, 8 cyl, 5.3l, v8, di, dfm, alum, gen 5",mqb,"byt 10 spd, 10l80, atss, cpa, gen 2",,t2220982cu7x0748,17749294.0,r2220912bkjx0288,2809914920,8,1,y,tf10543,,10.0,0,1
1hks2jkl7sr422793,13033,replaced steering wheel,"cust states the stitching on steering wheel is loose, please check and advise.",2024-01-26,wheel asm-strg *fawn,steering wheel replacement,full-size utility,4 door utility,t1ygf,arl,us,blackstone auto co.,taylor,11-88570/298121,platinum peak auto,taylor,mi,1,,5,12323,0,0-0310,t06.2375,us,48,fe9,ftb,130,freg,,963.92,963.92,56.55,l87,"gas, 8 cyl, v8, 6.2l, di, dfm, alum, gen 5",mhs,"byt 10 spd, 10l80, grx, gen 1, atss, etrs, var 1",,n2212971mfyx0212,287827.0,s2212922ckjx2091,2820007922,4,1,n,tf10906,,21.0,0,1
1hyknhrs5nz163005,13034,replaced cover,customer state bezel on steering wheel is coming apart. part ordered a nd in stock for install,2024-01-26,cover-strg whl spoke *hi gloss v-c,steering wheel spoke cover replacement,global crossover vehicles,4 door utility,c1ul,sht,us,platinum wheelers,fairfield,12-20802/117233,silverridge motors,fairfield,oh,1,,16,26760,0,0-0890,t03.6151,us,12,fe9,ftb,50,freg,,697.51,697.51,65.86,lgx,"gas, 6 cyl, 3.6l, v6, di, dohc, vvt, alum, gen 2",m3w,"transmission byt 9 spd, 9t65, etrs gen 1",,w2220982jdrx0999,822972980.0,22220922skbp2889,2820229149,2,1,n,6nj26,sport,15.0,0,1
3hcfyhed7nh206711,13034,"replaced steering wheel and retested operation, verified all steering wheel switches operating as intended. 19547-19550 mt","customer states that the cruise control is not working, customer states that they will enable the cruise control using the buttonbut the vehicle will not hold the speed. please advise ok part warranty refer to previous repair order 27724 1.16.24 @ 19373 miles.ok replacement of complete steering wheel vs. switch only replacement to ensure integrity of repair mike a. 1.26.24 @ 11:04 am prasubmitted and apporved for replacement of steering wheel pra # 496887800000 mike a. 1.26.24 @ 11:48 am ok r authorization forrepeat repair, part concern no tech error mike a.",2024-01-26,wheel asm-strg *jet black,steering wheel replacement,full-size trucks,crew cab,t1ccf,sil,mx,primeauto dealership,escondido,13-20322/114691,westbay auto traders,temecula,ca,1,,21,31458,0,0-0310,t05.3386,us,13,yf5,fuc,130,freg,,250.47,250.47,77.69,l84,"gas, 8 cyl, 5.3l, v8, di, dfm, alum, gen 5",mqe,"byt 8 spd, 8l90, atss, cpa, gen 1",,a2220292jw9x2202,828298448.0,s2220212xnl20712,2820202794,4,1,n,cf18543,,10.0,0,1
1h1fw6s02n4102661,13054,replace heated steering module,heated volan devarque by itself intermittent customer must return them,2024-01-26,module asm-strg whl ht cont,heated steering wheel module replacement,global gamma,4 door sedan,c110,ori,us,blue ridge motors,trois-rivieres,14-86590/120963,sunsetdrive motors,berthierville,pq,1,j0k1a0,31,59355,0,0-0621,v00.0002,ca,14,fe9,ft7,2400,freg,,108.35,124.57,102.14,en0,none,mmf,"byt, electric, gm, gem, gen 2, drive unit, x68f",unknown,unknown,8042172.0,unknown,2822027490,2,1,n,1fb48,1lt,10.0,0,1
1hyfzfr46sf102560,13034,"installed steering wheel from last visit, tested all functions, everything is fine now",#update#customer states vehicle's steering wheel was smoking out of theright side of wheel and after steering wheel heater was shutoff smoking stopped. please check and advise.c/s: sop install parts here per drew h. - history ro 431014 - steering wheel -customerto see rob c.,2024-01-26,wheel asm-strg *jet black,steering wheel replacement,global epsilon ii,4 door utility,e2ul,fai,us,crestview auto sales,reno,11-47777/319306,eaglewing auto sales,reno,nv,1,,16,24304,0,0-0310,t02.0500,us,12,unknown,fug,130,freg,,394.32,394.32,201.15,lsy,"gas, 4 cyl, l4, 2.0l, sidi, dohc, vvt, alum, turb o, var 3",m3h,"byt 9 spd, 9t50, etrs gen 1",,n2222722juhx0782,822972980.0,22222412irbp0492,2820282072,6,1,y,6ze26,sport,10.0,0,1
1h1fz6s01n4111553,13043,diagnose heated steering wheel does not get warm with no codes setting . test and found button lights when depressed and goes offright away. verify fuse f26da is getting power. remove airbag assembly and verify power to heated steering module. dissasemlbeand test circuits for st eering wheel heater and found heater circuit open. reassemble and orde r new steering wheel assembly.install new steering wheel at 2nd visit and verify proper operation.,customer states heated steering wheel is not working,2024-01-26,wheel asm-strg *jet black,steering wheel replacement,global gamma,4 door sedan,c121,ori,us,northstar motors,lancaster,13-15446/292145,roadking car traders,lancaster,pa,1,,17,40734,0,0-0890,v00.0002,us,13,ne1,unknown,130,freg,,579.72,603.59,191.16,en0,none,mmf,"byt, electric, gm, gem, gen 2, drive unit, x68f",unknown,unknown,8042172.0,unknown,2820027898,6,1,y,1fg48,premier,10.0,0,1
1h1fz6s08n4104213,13081,"c-s super cruise inop. verified super cruise is inop. scan dtc's. b290 a flow chart doc id #4862361 - verified no other dtc's setinactive s afety control module, and has communication. cleared dtc. dtc b290a re sets. replace steering wheel. clear dtc testdrove.no dtcs setting at this time. cruise is working. not in an area for supercruise. diagnos is on ro 142670",customer states supercruise does not work. diagnose and advise.,2024-01-27,wheel asm-strg *jet black,steering wheel replacement,global gamma,4 door sedan,c121,ori,us,titan auto traders,villa park,13-11109/172215,novadrive motors,villa park,il,1,,19,24507,0,0-0310,v00.0002,us,13,fe9,ft7,130,freg,,1655.49,1656.85,151.92,en0,none,mmf,"byt, electric, gm, gem, gen 2, drive unit, x68f",unknown,unknown,8042172.0,unknown,2822884894,6,1,y,1fg48,premier,10.0,1,1
1hc4ysey6sf164779,13042,0130/0.4/0.3 total/0.7 replace steering.wontheat up,ck heated steering wheel inop,2024-01-29,wheel asm-strg *very dark at,steering wheel replacement,full-size trucks,crew cab,t1cch,flt,us,eclipse wheels,simi valley,13-20701/295507,grandview auto sales,simi valley,ca,1,,14,16932,0,0-0310,d06.6385,us,13,unknown,unknown,130,freg,,513.95,513.95,158.65,l5p,"diesel, 8 cyl, 6.6l, di, v8, turbo, duramax, gen 5 var. 1",mgm,"byt 10 spd, 10r1000, grx, gen 1, var 1",,r2222881mrax0788,8042172.0,y0222790mkfx0888,2820991444,6,1,y,cf20743,,23.0,0,1
3hnkbkrsxss106498,13035,"1replaced steering wheel, all ok",customer complaint steering wheel has buble under leather,2024-01-29,"wheel,strg *jet black",steering wheel replacement,crossover suv,4 door utility,c1uc,ram,mx,grand street motors,timmins,14-96214/169118,apexstreet auto,kapuskasing,on,1,p5n2x2,4,5248,0,0-0890,t03.6151,ca,14,unknown,ftb,130,freg,,320.96,362.69,40.15,lgx,"gas, 6 cyl, 3.6l, v6, di, dohc, vvt, alum, gen 2",m3v,"byt 9 spd, 9t65, gen 1",,w2222182jdrx0921,822972980.0,22222929ckbp0192,2820228982,4,1,n,1ns26,rs,10.0,0,1
1h1ff1r79n0134651,13034,replaced steering wheel for cover being loose inside.,c/s steering wheel cover loose and moving.,2024-01-29,wheel asm-strg *jet black,steering wheel replacement,alpha,2 door coupe,a1bc,lgr,us,pioneer car sales,new smyrna beach,13-29801/267093,urbanshore motors,sanford,fl,1,,18,16169,0,0-0310,v06.2090,us,13,fe9,ftb,130,freg,,687.11,687.11,244.54,lt1,"gas, 8 cyl, 6.2l, di, afm, vvt, ho, alum, gmna",mi2,"byt 10 spd, 10l80, grx, var 1, gen 1",,k2222972jwnx0182,17749294.0,r22229222hjx0489,2820244727,4,1,n,1aj37,1ss(automatic),10.0,0,1
1hys4rkl3sr469754,13048,diagnose and report rear wipers inop test and found dtcs u1134u0131u1615b19f2 u1103 u1132 check lin bus value fixed at 6 voltsnottoggling --remove rear panels and disconnect rear 3 row seat not working and rear wiper still has lin bus issue ---recheckvoltagestill stuck at 6 volts ---called tac opened case 9-11734286785 spoke with josh ---after following diagnostics for b19f2 sym00 itsaid follow other dtcs first ----he corrected issue by saying to diagnose b19f2 first ---diagnosis lead to replacement ofheatedsteering wheel ---order part ---re assemble all loose panels ----install steering wheel and clear dtcs test all acc all ok,rear wiper not working cust thawed out veh and jiggled the control arm a couple times then it worked after trying several timescustthinks signal is not getting fromn front to back wiring cust has a video of the process he performed diagnose report,2024-01-29,wheel asm-strg *black,steering wheel replacement,full-size utility,4 door utility,t1ylf,arl,us,monarch auto co.,thornhill,14-96304/121504,blueline auto traders,pembroke,on,1,k8a7m3,2,3801,0,0-0621,t06.2375,ca,14,fe9,ftb,130,freg,,1181.54,1335.14,61.95,l87,"gas, 8 cyl, v8, 6.2l, di, dfm, alum, gen 5",mhs,"byt 10 spd, 10l80, grx, gen 1, atss, etrs, var 1",,k2212981mfyx2807,287827.0,s2212092ckjx0788,2822088824,8,1,n,6f10906,,18.0,0,1
3hrffhel3sh345370,13036,replaced steering wheel assembly under warranty due to manfacturer defect. complete.,"cust states the steering wheel stitching is coming apart, please check and advise.",2024-01-29,wheel asm-strg *very dark at,steering wheel replacement,full-size trucks,crew cab,t1cgf,sil,mx,redrock motors,conway,11-40749/188183,swiftedge car sales,conway,ar,1,,4,4004,0,0-0312,t06.2375,us,48,fe9,ftb,130,freg,,474.01,474.01,72.84,l87,"gas, 8 cyl, v8, 6.2l, di, dfm, alum, gen 5",mhs,"byt 10 spd, 10l80, grx, gen 1, atss, etrs, var 1",,n2212841mfyx0042,287827.0,s1212792ckjx0848,2820212298,4,1,n,tf10543,,18.0,0,1
3hrf9eer4mh149522,13035,verified concern replaced steering wheel spoke cover,guest states steering wheel inserts right and left are peeling (sop he re),2024-01-30,applique asm-strg whl tr spoke cvr *vulcan,steering wheel spoke cover replacement,full-size trucks,crew cab,t1cgf,sil,mx,diamond peak autos,pembroke pines,13-26215/165673,royalauto traders,sunrise,fl,1,,39,61234,0,0-0890,t03.0351,us,48,fe9,ftb,50,freg_pol,,389.71,389.71,135.54,lm2,"diesel, 6 cyl, 3.0l, cri, l6, dohc, turbo, vgt, al um, css50v",mqb,"byt 10 spd, 10l80, atss, cpa, gen 2",,v2202999gugx0422,287827.0,s1201012bnjx2209,2820289728,4,1,n,tf10543,,10.0,0,1
1hrs8ded5mz161956,13042,replaced steering wheel horn switch wiring harness and clock spring and steering wheel airbag coil verified thatsteeringwheelvolumeand radio controls were working and they are now working as designed customers concern was addressed labor code0020st,electrical system c s customer states cruze con trol does not work properly you can t see how muc h speed you areaddingordecreasingas well veh icle does not adjust speed while having a vehicle in front,2024-01-30,harness asm-strg whl horn sw wrg,steering wheel horn switch wiring harness replacement,full-size trucks,crew cab,t1cgf,ftw,us,speedstar motors,boerne,11-56790/117717,crestridge motors,laredo,tx,1,,33,38285,0,0-0310,t05.3386,us,48,fe9,ftb,20,freg,,674.27,674.27,500.07,l84,"gas, 8 cyl, 5.3l, v8, di, dfm, alum, gen 5",mqe,"byt 8 spd, 8l90, atss, cpa, gen 1",,k2201282cu7x1170,8042172.0,b2201042xmlx9188,2820479011,10,1,n,tc10543,,10.0,1,1
1hnskdkd4nr281286,13035,replaced loose applique,8 info: information customer states vehicle steering wheel is making a clicking noise and rattling while driving.,2024-01-31,applique asm-strg whl tr spoke cvr *synthesis,steering wheel spoke cover replacement,full-size utility,4 door utility,t1ycf,arl,us,crestwood car sales,florence,13-24061/312143,horizonwheel auto,metairie,la,1,,21,55915,0,0-0313,t05.3386,us,13,fe9,ftb,50,freg,,121.14,121.14,96.36,l84,"gas, 8 cyl, 5.3l, v8, di, dfm, alum, gen 5",mhs,"byt 10 spd, 10l80, grx, gen 1, atss, etrs, var 1",,a2220992jw9x2090,287827.0,s1220922ckjx0199,2820191899,2,1,n,cf10906,,10.0,0,1
3hrffcer2nh609121,13043,removed old steering wheel and installed new one. tried new steering wheel and new one heats properly. all okay now...,customer states heated steering wheel only gets lukewarm not hot.,2024-01-31,wheel asm-strg *black,steering wheel replacement,full-size trucks,crew cab,t1cgf,sil,mx,luxuryauto traders,sudbury,14-95472/121394,bluestream motors,sudbury,on,1,p3a5k3,15,42217,0,0-0310,t03.0353,ca,14,fe9,ftb,130,freg,,474.12,535.75,90.83,lm2,"diesel, 6 cyl, 3.0l, cri, l6, dohc, turbo, vgt, al um, css50v",mqc,"byt 10 spd, 10l80, atss, etrs, cpa, gen 2",,v2222282cvcx0127,287827.0,s2222991cnjx0889,2820492289,4,1,n,tf10743,,16.0,0,1
1h6dc5rk2l0132064,13036,corr- (0130) replace steering wheel,sop is in per customer the leather wrap on the back of steering wheel is loose sop is in approved by pra,2024-01-31,wheel asm-strg *jet black,steering wheel replacement,luxury car-2,4 door sedan,a2sl,lgr,us,greenfield auto sales,chandler,12-36154/279625,libertypeak auto sales,glendale,az,1,,46,13580,0,0-0310,lgmxv02.0041,us,12,fe9,ftb,130,freg,,394.83,457.225,108.0,lsy,"gas, 4 cyl, l4, 2.0l, sidi, dohc, vvt, alum, turb o, var 3",m5n,"byt 8 spd, 8l45, bas+",,n2200440clwx0224,8042172.0,c2200240nelx0047,2820144122,4,1,n,6dd69,sport,32.0,0,1
5haerdkw8sj224112,13039,replaced steering wheel,customer states steering wheel cover coming off on bottom side of steering wheel,2024-01-31,wheel asm-strg *jet black,steering wheel replacement,crossover suv,4 door utility,c1yb,del,us,westend car dealers,lufkin,11-45441/256599,platinum road traders,lufkin,tx,1,,3,4728,0,0-0890,t03.6151,us,11,fe9,ftb,130,freg,,608.01,608.01,58.43,lfy,"gas, 6 cyl, v6, 3.6l, sidi, dohc, atss, gen 1+",m3w,"transmission byt 9 spd, 9t65, etrs gen 1",k,,8042172.0,22221892qkby1909,2820982891,4,1,y,4nd56,avenir,10.0,0,1
1hks2ckl2nr279082,13036,checked and found code -b1a4c-92-heated steering wheel - performance. checked and found power ground and signal going to heatedsteering whe el. removed and replaced steering wheel cleared codes and rechecked.,customer states that the heated steering wheel intermittently does not work / states that the light does not illuminate at all andthe steer ing wheel does not heat---please advise (customer showed advisor a vid eo of it happening),2024-01-31,"wheel asm,strg",steering wheel replacement,full-size utility,4 door utility,t1ugf,arl,us,metrostar motors,scottsdale,13-39017/162639,cityedge auto sales,scottsdale,az,1,,21,55638,0,0-0310,t06.2375,us,48,yf5,fuc,130,freg,,365.36,365.36,129.06,l87,"gas, 8 cyl, v8, 6.2l, di, dfm, alum, gen 5",mhs,"byt 10 spd, 10l80, grx, gen 1, atss, etrs, var 1",,k2220892jw4x1979,287827.0,s2220782ckjx0921,2820194999,4,1,n,tf10706,,10.0,0,1
3hrffcer0nh647253,13037,replaced steering wheel and retest system operating as designed at this time preauth 494643400000,cust states steering wheel does not heat up completely only one small spot sop in,2024-01-31,wheel asm-strg *jet black,steering wheel replacement,full-size trucks,crew cab,t1cgf,sil,mx,ironclad auto sales,jacksonville,11-40020/184564,goldstar motors,orlando,fl,1,,17,56950,0,0-0890,t03.0353,us,48,fe9,ftb,130,freg,,551.25,551.25,100.17,lm2,"diesel, 6 cyl, 3.0l, cri, l6, dohc, turbo, vgt, al um, css50v",mqc,"byt 10 spd, 10l80, atss, etrs, cpa, gen 2",,v2222992cvcx0222,287827.0,s1222081cnjx2982,2820198294,6,1,n,tf10543,,10.0,0,1
3hcfdhel2sh305075,13038,方向盘底部的皮革脱落了。拆下方向盘并更换新的。cc：0890 fc：2039pra#490428700000 人工 op：0130 0.50 人工,leather on steering wheel coming loose on bottom.,2024-01-31,wheel asm-strg *jet black,steering wheel replacement,full-size trucks,crew cab,t1ccf,sil,mx,allstar car traders,joplin,13-37632/308259,summitdrive car sales,joplin,mo,1,,7,2428,0,0-0890,t06.2375,us,13,fe9,ftb,130,freg,,475.85,475.85,64.71,l87,"gas, 8 cyl, v8, 6.2l, di, dfm, alum, gen 5",mhs,"byt 10 spd, 10l80, grx, gen 1, atss, etrs, var 1",,n2212221mfyx0227,287827.0,s2212292ckjx0982,2820191222,4,1,n,cf10543,,18.0,0,1
1h1fy6s0xn4126832,13060,replaced steering wheel,customer states the heated steering wheel does not work,2024-02-01,module asm-strg whl ht cont,heated steering wheel module replacement,global gamma,4 door sedan,c121,ori,us,silverline motors,medford,13-19071/114392,redstone auto co.,salem,or,1,,18,25178,0,0-0310,v00.0002,us,13,yf5,unknown,2400,freg,,126.63,126.63,42.62,en0,none,mmf,"byt, electric, gm, gem, gen 2, drive unit, x68f",unknown,unknown,8042172.0,unknown,2822121929,4,1,n,1ff48,lt,10.0,0,1
1hcfdeel5sz298766,13040,"performed circuit/ system verification and testing per doc id-5316968. lead to replace steering wheel heater, service assteeringwheel assembly. remove and replace steering wheel assembly, cleared dtcs and verified operation of the steering wheelheater.0130 .5","customer states heated steering wheel wont heat up, light wont turn on",2024-02-01,wheel asm-strg *very dark at,steering wheel replacement,full-size trucks,crew cab,t1ccf,ftw,us,goldrush car sales,sandusky,13-28178/113620,eaglepeak motors,sandusky,oh,1,,3,8991,0,0-0310,t06.2375,us,13,ne1,fuc,130,freg,,484.24,622.24,88.8,l87,"gas, 8 cyl, v8, 6.2l, di, dfm, alum, gen 5",mhs,"byt 10 spd, 10l80, grx, gen 1, atss, etrs, var 1",,t1212811mfyx0082,17749294.0,r2212842ckjx0091,2820890742,6,1,n,cf10543,,16.0,0,1
3hcfdhelxsh293533,13037,removed steering wheel following service information procedure and replaced steering wheel with new assembly and confirmed allfunctions work as designed labor code 0130 labor time .5 no diag time,c/s: steering wheel bubbling please refrence ro 400375 for pra auth 494226600000,2024-02-01,wheel asm-strg *jet black,steering wheel replacement,full-size trucks,crew cab,t1ccf,sil,mx,summit peak motors,norfolk,13-14117/113725,westwood auto sales,norfolk,va,1,,5,15886,0,0-0890,t06.2375,us,13,fe9,ftb,130,freg,,490.17,490.17,79.12,l87,"gas, 8 cyl, v8, 6.2l, di, dfm, alum, gen 5",mhs,"byt 10 spd, 10l80, grx, gen 1, atss, etrs, var 1",,n2212221mfyx0420,287827.0,s1212082ckjx0018,2820199228,4,1,n,cf10543,,35.0,0,1
5haerakw0mj183761,13039,"accessed, removed and replaced the steering wheel. the system is now operating as designed. labor op0130 time units (tu) .7.","customer states right side of steering is peeling, auth # 494344600000",2024-02-02,wheel asm-strg *black,steering wheel replacement,crossover suv,4 door utility,c1yb,del,us,evergreen auto group,sherman oaks,11-46213/119157,titanedge motors,sherman oaks,ca,1,,34,59272,0,0-0310,t03.6151,us,11,yf5,fuc,130,freg_pol,,402.06,440.06,91.88,lfy,"gas, 6 cyl, v6, 3.6l, sidi, dohc, atss, gen 1+",m3w,"transmission byt 9 spd, 9t65, etrs gen 1",k,,8042172.0,22220809fkby1982,2820879994,10,1,n,4nf56,preferred,10.0,0,1
2hc4yfe74r1152517,13038,replaced steering wheel.,customer states steering wheel bottom is loose,2024-02-02,wheel asm-strg *jet black,steering wheel replacement,full-size trucks,crew cab,t1cch,os2,ca,victory car dealers,grand rapids,13-14819/243038,crystalwheels auto,grand rapids,mn,1,,2,6428,0,0-0890,d06.6230,us,13,fe9,ftb,130,freg,,319.43,319.43,55.46,l8t,"gas, 8 cyl, 6.6l, sidi, vvt, cast iron",mkm,"byt 10 spd, rwd 4.54 1st, 2.86 2nd, 2.06 3rd, 1.7 1 4th, 1.48 5th, 1.26 6th, 1.00 7th, 10l",,t1212894mgux2872,8042172.0,y0212941msfx0844,2820499119,4,1,n,cf30743,,18.0,0,1
3hcsy9el8nh181074,13044,remove and replace steering wheel,customer states steering wheel de-laminating,2024-02-02,wheel asm-strg *jet black,steering wheel replacement,full-size trucks,crew cab,t1ccf,sil,mx,royal wheels auto sales,somerton park,au-61501/316061,victorydrive motors,somerton park,sa,4,,17,48548,0,0-0315,t06.2375,au,72,fe9,ftb,130,freg,,458.56,458.56,68.66,l87,"gas, 8 cyl, v8, 6.2l, di, dfm, alum, gen 5",mqb,"byt 10 spd, 10l80, atss, cpa, gen 2",,n2221892jw4x0124,287827.0,s2221442xkjx0910,2822088042,2,1,n,cf18543,,10.0,1,4
1h1fz6s06n4112021,13044,replaced steering wheel and torqued all bolts to spec. checked opeation and heated wheel now is operation.,"customer states heated steering wheel is not working, inspect and advise.",2024-02-02,wheel asm-strg *jet black,steering wheel replacement,global gamma,4 door sedan,c121,ori,us,prestige drive motors,post falls,13-36275/114456,silvershore car traders,post falls,id,1,,15,27882,0,0-0310,v00.0002,us,13,ne1,unknown,130,freg,,512.28,512.28,100.1,en0,none,mmf,"byt, electric, gm, gem, gen 2, drive unit, x68f",unknown,unknown,8042172.0,unknown,2822087199,4,1,y,1fg48,premier,10.0,0,1
1hnskrkl5sr469158,13038,r&r steering wheel.,install sop. customer states the stitching on the steering wheel is coming loose. pra accepted pre-authorization number 493070000000,2024-02-02,wheel asm-strg *jet black,steering wheel replacement,full-size utility,4 door utility,t1ucf,arl,us,apex auto traders,bolingbrook,13-11298/227245,diamondedge auto,bolingbrook,il,1,,5,491,0,0-0890,t06.2375,us,13,fe9,ftb,130,freg,,388.02,388.02,96.93,l87,"gas, 8 cyl, v8, 6.2l, di, dfm, alum, gen 5",mhs,"byt 10 spd, 10l80, grx, gen 1, atss, etrs, var 1",,k2212981mfyx2092,17749294.0,r2212882ckjx0981,2820480799,6,1,y,cf10706,,10.0,0,1
1hks2jkl0sr471303,13038,test drove and duplicated customers concern. found super cruise inop. found dtc b19f2 00 heated steering wheel module code in imageprocessing module. found doc id 6270800 found code was current and would not clear. found new wheel will be needed. reached out totac and found issue to be steering wheel/module. part on order. pra 495999100000 2/2/2024 replaced steering wheel/module andcleared codes. performed test drive on i-95 and found super cruise to be fully functional after repairs.,customer states super cruise inoperative.,2024-02-02,wheel asm-strg *jet black,steering wheel replacement,full-size utility,4 door utility,t1ygf,arl,us,coastal auto sales,danvers,48-06248/316810,luxewheel motors,danvers,ma,1,,3,3246,0,0-0310,t06.2375,us,48,ne1,fuc,130,freg,,1268.82,1268.82,69.8,l87,"gas, 8 cyl, v8, 6.2l, di, dfm, alum, gen 5",mhs,"byt 10 spd, 10l80, grx, gen 1, atss, etrs, var 1",,n2212081mfyx0422,287827.0,s2212092ckjx1212,2820809208,4,1,n,tf10906,,16.0,0,1
1hyksmrk4sz003287,13039,replace steering wheel claim type b 0130 0.5 pre-repair authorizati on id-497269600000,"customer statesburr on right side of steering wheel, stich coming off.",2024-02-02,wheel asm-strg *backen blackk,steering wheel replacement,bev,4 door utility,l233-lsop,sht,us,stardrive motors,carlsbad,11-46346/118677,coastalcar traders,signal hill,ca,1,,9,9870,0,0-0890,t00.0006,us,12,yf5,ff6,130,freg,,1480.02,1480.02,108.22,en0,none,mf1,none,unknown,unknown,8042172.0,unknown,2820989419,4,1,n,6mb26,lux-1,10.0,0,1
1h1fw6s05n4120118,13052,"scanner test, no trouble code. check bulletin, none. disassemble air bag module. disconnect steering module. checkcurrentandground,ok.continue diag.files at the base of the heater at the steering are user,open circuit. order steering, part 10 days. filled steering wheel","steering wheel is not heating anymore. light comes on but no heat. if turned off, and try to put it back on, the light wo ntcomeon,please check faut faire une preauthorisation avant de changer piece faut faire une preauthorisation avant de changer piece",2024-02-02,wheel asm-strg *jet black,steering wheel replacement,global gamma,4 door sedan,c110,ori,us,horizon peak auto co.,pincourt,14-86920/241623,platinumstar auto,pincourt,pq,1,j7w0k8,17,35920,0,0-0890,v00.0002,ca,14,fe9,ft7,130,freg,,312.43,359.21,81.84,en0,none,mmf,"byt, electric, gm, gem, gen 2, drive unit, x68f",unknown,unknown,8042172.0,unknown,2822208721,10,1,n,1fb48,1lt,10.0,0,1
3hrffder8nh522491,13039,0130.5 replace steering wheel,cs blemish on steering wheel sop in,2024-02-02,wheel asm-strg *jet black,steering wheel replacement,full-size trucks,crew cab,t1cgf,sil,mx,velocity wheels,houston,11-45870/322530,apexshore motors,houston,tx,1,,22,62183,0,0-0890,t03.0353,us,48,fe9,ftb,130,freg_pol,,430.11,430.11,86.07,lm2,"diesel, 6 cyl, 3.0l, cri, l6, dohc, turbo, vgt, al um, css50v",mqc,"byt 10 spd, 10l80, atss, etrs, cpa, gen 2",,v2220842cvcx0228,287827.0,s2220701cnjx0928,2820990411,6,1,y,tf10543,,10.0,0,1
1hr49re78sf167912,13041,remove and replace steering wheel,customer states steering wheel leather trim is coming un-stitched at the 6 o'clock position. . .claim approved by gm(487258100000),2024-02-03,wheel asm-strg *jet black,steering wheel replacement,full-size trucks,crew cab,t1cgh,flt,us,westbay motors,mansfield,48-06190/316635,silverroad motors,mansfield,ma,1,,9,30941,0,0-0890,d06.6398,us,48,unknown,unknown,130,freg,,507.32,507.32,59.34,l8t,"gas, 8 cyl, 6.6l, sidi, vvt, cast iron",myd,"byt 6 spd, hmd, 6l90",,t1222901l71x0198,8042172.0,920d8aye80290400,2820728274,6,1,y,tf20743,,18.0,0,1
1hnskrkd6rr110090,13042,steering wheel replacement,customers states the stitching is coming undo ne on the steering,2024-02-05,wheel asm-strg *jet black,steering wheel replacement,full-size utility,4 door utility,t1ucf,arl,us,bluehorizon autos,midlothian,13-14002/227353,crestview auto sales,midlothian,va,1,,2,5666,0,0-0312,t05.3386,us,13,fe9,ftb,130,freg,,435.26,435.26,61.08,l84,"gas, 8 cyl, 5.3l, v8, di, dfm, alum, gen 5",mhs,"byt 10 spd, 10l80, grx, gen 1, atss, etrs, var 1",,k2211211mf1x2480,287827.0,s2211222ckjx2809,2820889729,8,1,y,cf10706,,10.0,0,1
3hcfdded5nh572905,13065,"autorización aceptada, volante reemplazado para corregir la preocupación",cs steering wheel leather is coming undone at lower section,2024-02-05,wheel asm-strg *jet black,steering wheel replacement,full-size trucks,crew cab,t1ccf,sil,mx,uptown auto sales,west valley city,13-11028/112853,summitedge motors,auburn,in,1,,21,33819,0,0-0890,t05.3386,us,13,fe9,ftb,130,freg,,205.96,238.04,63.71,l84,"gas, 8 cyl, 5.3l, v8, di, dfm, alum, gen 5",mht,"byt 10 spd, 10r80, grx, gen 1, atss, var 1",,a2222292jw9x2280,287827.0,s1222212bkjx2289,2822178289,14,1,y,cf10543,,10.0,0,1
1hr49xey6rf285876,13052,replaced steering column harness with additional air bag,general concern [[covered by w] service safety restraints light],2024-02-05,harness asm-strg whl horn sw wrg,steering wheel horn switch wiring harness replacement,full-size trucks,crew cab,t1cgh,flt,us,golden wheel motors,san antonio,11-45651/118664,horizonstar auto,san antonio,tx,1,,3,9088,0,0-0621,d06.6385,us,48,fe9,ftb,20,freg,,1166.27,1166.27,190.58,l5p,"diesel, 8 cyl, 6.6l, di, v8, turbo, duramax, gen 5 var. 1",mgm,"byt 10 spd, 10r1000, grx, gen 1, var 1",,r2211274jfhx0197,8042172.0,y0211271mkfx0248,2822044999,6,1,y,tf20743,,10.0,1,1
3hnkbcr47ns151581,13039,replaced steering wheel,steering wheel bezel bubbling sop in,2024-02-05,wheel asm-strg *jet black,steering wheel replacement,crossover suv,4 door utility,c1uc,ram,mx,ridgeview car sales,cape coral,13-26013/169633,legacyroad motors,cape coral,fl,1,,23,58324,0,0-0310,t02.0500,us,13,fe9,ftb,130,freg_pol,,284.89,284.89,57.2,lsy,"gas, 4 cyl, l4, 2.0l, sidi, dohc, vvt, alum, turb o, var 3",m3t,"eu:n:x:z|transmission byt 9 spd, 9t60, gen 1",,n2220202juhx0917,822972980.0,22220280whbp0898,2820871997,4,1,y,1nf26,2lt,10.0,0,1
3hcfdeed0sh124676,13045,inspect and found code b1a4c- following service procedures-found steering wheel heater shorted-replace steering wheel assembly,heated steering wheel when engaged will turn on and go back off,2024-02-05,wheel asm-strg *jet black,steering wheel replacement,full-size trucks,crew cab,t1ccf,sil,mx,cloudline auto group,eldersburg,13-29080/314336,cityline auto sales,eldersburg,md,1,,2,11537,0,0-0310,t05.3386,us,13,unknown,fuc,130,freg,,438.78,482.78,119.23,l84,"gas, 8 cyl, 5.3l, v8, di, dfm, alum, gen 5",mht,"byt 10 spd, 10r80, grx, gen 1, atss, var 1",,a2222981mf1x0099,287827.0,s2222972bkjx2888,2820989429,10,1,y,cf10743,,10.0,0,1
1hnskckdxnr189867,13039,removed and replaced steering wheel,customer states new heated steering wheel installed as retrofit on r.o. 22330 in coming apart towards bottom of steering wheel,2024-02-05,wheel asm-strg *jet black,steering wheel replacement,full-size utility,4 door utility,t1ycf,arl,us,primewheel motors,freehold,13-02162/307311,goldpeak car traders,freehold,nj,1,,25,37708,0,0-0312,t05.3386,us,13,ne1,fuc,130,freg,,256.11,256.11,66.33,l84,"gas, 8 cyl, 5.3l, v8, di, dfm, alum, gen 5",mhs,"byt 10 spd, 10l80, grx, gen 1, atss, etrs, var 1",,a2220012jw9x0711,17749294.0,r2221472ckjx0891,2820888229,4,1,n,cf10906,,10.0,0,1
1hkknlls4sz248206,13045,"inspected steering wheel and found leather under stitching at left han d thumb grip to have started to lift. pictures ofwheeltaken, replace ordered steering wheel pra 496611700000",re&re steering wheel. part is here,2024-02-05,wheel asm-strg *black,steering wheel replacement,crossover suv,4 door utility,c1ug,sht,us,evergreen car traders,brantford,14-85634/120802,royaldrive motors,brantford,on,1,n3r8b8,5,11781,0,0-0310,t03.6151,ca,14,fe9,ftb,130,freg,,355.82,457.225,31.93,lgx,"gas, 6 cyl, 3.6l, v6, di, dohc, vvt, alum, gen 2",m3w,"transmission byt 9 spd, 9t65, etrs gen 1",,w2221892jdpx0288,822972980.0,21212072skbp0140,2820987849,6,1,n,tnc26,at4,10.0,0,1
3hrs9eed0lh255650,13041,replaced applique,customer states the finish on the steering wheel is coming off and it gets really sticky when it gets hot out,2024-02-07,applique asm-strg whl tr spoke cvr *synthesis,steering wheel spoke cover replacement,full-size utility,4 door utility,t1ycf,arl,us,ironwood auto sales,muncy,13-15009/113926,swiftstone auto sales,muncy,pa,1,,13,17008,0,0-0890,t05.3386,us,13,ne1,fuc,50,freg,,120.37,120.37,88.31,l84,"gas, 8 cyl, 5.3l, v8, di, dfm, alum, gen 5",mhs,"byt 10 spd, 10l80, grx, gen 1, atss, etrs, var 1",,k2220982jw9x1980,287827.0,s2222082ckjx2928,2820789029,4,1,n,cf10906,,10.0,0,1
1hyknhrs6mz221833,13041,replaced steering wheel completedlop 0130 time .4,customer states that the steering is very tight and you can hear it rubbing in the steering column when you turn pra 497110800000,2024-02-07,wheel asm-strg *black,steering wheel replacement,global crossover vehicles,4 door utility,c1ul,sht,us,metroedge motors,newport news,11-37732/117067,primewheel auto,newport news,va,1,,32,35451,0,0-0310,t03.6151,us,12,fe9,ftb,130,freg,,718.53,1026.53,59.88,lgx,"gas, 6 cyl, 3.6l, v6, di, dohc, vvt, alum, gen 2",m3w,"transmission byt 9 spd, 9t65, etrs gen 1",,w2222192jdrx0209,822972980.0,22222280kkbp0890,2820784987,4,1,y,6nj26,sport,15.0,1,1
1hykssrl4sz003381,13048,replace steering wheel,cs driver assistance warning light is coming on while driving,2024-02-07,wheel asm-strg *backen blackk,steering wheel replacement,bev,4 door utility,l233-lsop,sht,us,brightstar auto co.,ridgeland,12-25232/312069,bluestream car traders,ridgeland,ms,1,,8,13393,0,0-0310,t00.0008,us,12,fe9,ff6,130,freg,,1474.06,1474.06,118.9,en0,none,mf1,none,unknown,unknown,8042172.0,unknown,2822282187,6,1,n,6mb26,unknown,10.0,0,1
1hkknxls3sz128369,13044,replace steering wheel pra 496735300000,customer statescustomer states vehicle steering wheel coming apart in op check and advise sop steering wheel in check and advise,2024-02-07,wheel asm-strg *black,steering wheel replacement,crossover suv,4 door utility,c1ug,sht,us,liberty ridge motors,sherman oaks,11-46346/118677,crestline drive auto,signal hill,ca,1,,12,25341,0,0-0890,t03.6151,us,48,unknown,fuc,130,freg,,481.95,481.95,86.57,lgx,"gas, 6 cyl, 3.6l, v6, di, dohc, vvt, alum, gen 2",m3w,"transmission byt 9 spd, 9t65, etrs gen 1",,w2222442jdrx0092,822972980.0,21222222skbp0119,2822042248,4,1,n,tnn26,denali,10.0,0,1
1hc4wle78rf260518,13045,removed steering wheel and disassembled and found screw floating around behind cover removed and reassembled and noise is no longerpresent,customer states there is clicking type noise coming from steering wheel when turning.e,2024-02-07,unknown,steering wheel replacement,full-size trucks,crew cab,t1cch,flt,us,silvergate auto sales,saint louis,13-26480/114695,westpoint motors,sarasota,fl,1,,4,13,0,0-0313,d06.6230,us,13,fe9,ftb,130,freg,,101.85,101.85,101.85,l8t,"gas, 8 cyl, 6.6l, sidi, vvt, cast iron",mkm,"byt 10 spd, rwd 4.54 1st, 2.86 2nd, 2.06 3rd, 1.7 1 4th, 1.48 5th, 1.26 6th, 1.00 7th, 10l",,t1212794mgux0097,8042172.0,y0212811mrfx0180,2820879999,6,1,n,cc20943,,14.0,0,1
1hkknxls8mz121378,13041,r&r steering wheel for bad stitching. -returned old wheel to parts department for warranty.,11buz minor electrical cust states stitching coming apart from steering wheel replace steering wheel (sop here) 7440130 .4 pre auth# 493358100000,2024-02-07,wheel asm-strg *dark galvanie,steering wheel replacement,crossover suv,4 door utility,c1ug,sht,us,radiant road motors,new britain,48-06594/117920,urbancrest auto sales,new britain,ct,1,,38,48660,0,0-0890,t03.6151,us,48,ne1,fuc,130,freg_pol,,524.56,524.56,54.27,lgx,"gas, 6 cyl, 3.6l, v6, di, dohc, vvt, alum, gen 2",m3w,"transmission byt 9 spd, 9t65, etrs gen 1",,w2202782jdpx0002,822972980.0,22202890kkbp2894,2820727781,4,1,y,tnn26,denali,10.0,0,1
